{
    "epoch": 1,
    "OA": 0.43199006659893896,
    "mIoU": 0.21563115289402068,
    "Kappa": 0.28740687483855537
}{
    "epoch": 2,
    "OA": 0.48667644956165107,
    "mIoU": 0.27117389217785554,
    "Kappa": 0.36885172233020896
}{
    "epoch": 3,
    "OA": 0.444211160025586,
    "mIoU": 0.20446442264583087,
    "Kappa": 0.3000686066216363
}{
    "epoch": 4,
    "OA": 0.4504120103849193,
    "mIoU": 0.21385176130281983,
    "Kappa": 0.3166839467861026
}{
    "epoch": 5,
    "OA": 0.44706325017872595,
    "mIoU": 0.20611773655562854,
    "Kappa": 0.29996713920389767
}{
    "epoch": 6,
    "OA": 0.448861797795086,
    "mIoU": 0.21067399072415888,
    "Kappa": 0.3117952974341446
}{
    "epoch": 7,
    "OA": 0.4531211197652105,
    "mIoU": 0.21488269527881637,
    "Kappa": 0.31515754029439097
}{
    "epoch": 8,
    "OA": 0.45654513300974525,
    "mIoU": 0.2179202721484501,
    "Kappa": 0.32065919713011826
}{
    "epoch": 9,
    "OA": 0.43138051698837343,
    "mIoU": 0.18636806060362265,
    "Kappa": 0.27791561072670656
}{
    "epoch": 10,
    "OA": 0.4605862211686797,
    "mIoU": 0.22004233200129003,
    "Kappa": 0.3198318881496696
}{
    "epoch": 11,
    "OA": 0.454942243293073,
    "mIoU": 0.2257772321716865,
    "Kappa": 0.31874037522008086
}{
    "epoch": 12,
    "OA": 0.4545509274936976,
    "mIoU": 0.2092892022829309,
    "Kappa": 0.30748856518505485
}{
    "epoch": 13,
    "OA": 0.4578846370922226,
    "mIoU": 0.21738482035686357,
    "Kappa": 0.3193974874164204
}{
    "epoch": 14,
    "OA": 0.4653572637995259,
    "mIoU": 0.22375737186540012,
    "Kappa": 0.3274907288191955
}{
    "epoch": 15,
    "OA": 0.4544530985438537,
    "mIoU": 0.21723930495884766,
    "Kappa": 0.3164130782610124
}{
    "epoch": 16,
    "OA": 0.4532339993227227,
    "mIoU": 0.22432945859373982,
    "Kappa": 0.31584761543475437
}{
    "epoch": 17,
    "OA": 0.4872182714377093,
    "mIoU": 0.2636392673024457,
    "Kappa": 0.3678968238811552
}{
    "epoch": 18,
    "OA": 0.45609361477969673,
    "mIoU": 0.20621499556528167,
    "Kappa": 0.30917221701469144
}{
    "epoch": 19,
    "OA": 0.46287391353425894,
    "mIoU": 0.2170448417491936,
    "Kappa": 0.32727754305130213
}{
    "epoch": 20,
    "OA": 0.4647552394927945,
    "mIoU": 0.22597857679960898,
    "Kappa": 0.33301105308225465
}{
    "epoch": 21,
    "OA": 0.43060541069345676,
    "mIoU": 0.1832170426626532,
    "Kappa": 0.2754996933075412
}{
    "epoch": 22,
    "OA": 0.4545283515821951,
    "mIoU": 0.2080775817066952,
    "Kappa": 0.31402677711586036
}{
    "epoch": 23,
    "OA": 0.442623320916582,
    "mIoU": 0.19011817108371046,
    "Kappa": 0.2957874408009555
}{
    "epoch": 24,
    "OA": 0.4454152086390488,
    "mIoU": 0.19463280979780434,
    "Kappa": 0.3028089163560244
}{
    "epoch": 25,
    "OA": 0.4568386198592768,
    "mIoU": 0.21136789299818495,
    "Kappa": 0.3147635748211434
}{
    "epoch": 26,
    "OA": 0.44226963163637734,
    "mIoU": 0.191441051883825,
    "Kappa": 0.29149772051918993
}{
    "epoch": 27,
    "OA": 0.4539865297061369,
    "mIoU": 0.21199717073577046,
    "Kappa": 0.31007717094569637
}{
    "epoch": 28,
    "OA": 0.45726756217782294,
    "mIoU": 0.20779785291694583,
    "Kappa": 0.3137876655749046
}{
    "epoch": 29,
    "OA": 0.43759641795537496,
    "mIoU": 0.19380146334039772,
    "Kappa": 0.29052738313336596
}{
    "epoch": 30,
    "OA": 0.4484629566918764,
    "mIoU": 0.2013977160913352,
    "Kappa": 0.30522406072355945
}{
    "epoch": 31,
    "OA": 0.466260300259623,
    "mIoU": 0.21646204138090933,
    "Kappa": 0.33105723748909194
}{
    "epoch": 32,
    "OA": 0.44521202543552696,
    "mIoU": 0.19993255539916782,
    "Kappa": 0.29588642740383736
}{
    "epoch": 33,
    "OA": 0.461925725251157,
    "mIoU": 0.21972112942004243,
    "Kappa": 0.32272116230035314
}{
    "epoch": 34,
    "OA": 0.442939383677616,
    "mIoU": 0.19046841830386885,
    "Kappa": 0.29753625409149814
}{
    "epoch": 35,
    "OA": 0.4576889791925349,
    "mIoU": 0.2110149733373172,
    "Kappa": 0.31547108316875455
}{
    "epoch": 36,
    "OA": 0.45459607931670243,
    "mIoU": 0.2090198712927645,
    "Kappa": 0.3111331522940207
}{
    "epoch": 37,
    "OA": 0.4465515295180043,
    "mIoU": 0.20009919150880223,
    "Kappa": 0.3012294519366121
}{
    "epoch": 38,
    "OA": 0.44055386236219285,
    "mIoU": 0.18852781299177337,
    "Kappa": 0.2929634288990083
}{
    "epoch": 39,
    "OA": 0.44859841216089097,
    "mIoU": 0.20134071591156585,
    "Kappa": 0.3059629129983202
}{
    "epoch": 40,
    "OA": 0.42712119501824886,
    "mIoU": 0.17461613272349527,
    "Kappa": 0.27117861548172395
}{
    "epoch": 41,
    "OA": 0.46790834179930013,
    "mIoU": 0.22073187598702151,
    "Kappa": 0.3314354095509989
}{
    "epoch": 42,
    "OA": 0.43981638258644695,
    "mIoU": 0.1889339827617892,
    "Kappa": 0.2892787210194014
}{
    "epoch": 43,
    "OA": 0.4426458968280844,
    "mIoU": 0.19194438768973643,
    "Kappa": 0.29287311243814246
}{
    "epoch": 44,
    "OA": 0.44398540091056177,
    "mIoU": 0.19308432997715436,
    "Kappa": 0.2941596310840929
}{
    "epoch": 45,
    "OA": 0.44938856906347596,
    "mIoU": 0.19883586451102345,
    "Kappa": 0.304468583733466
}{
    "epoch": 46,
    "OA": 0.4516762614290552,
    "mIoU": 0.19897198935840563,
    "Kappa": 0.30803881262814115
}{
    "epoch": 47,
    "OA": 0.4251269895022011,
    "mIoU": 0.17342035198111405,
    "Kappa": 0.26782021703642495
}{
    "epoch": 48,
    "OA": 0.4357527185160101,
    "mIoU": 0.18903018023153842,
    "Kappa": 0.2839732449134543
}{
    "epoch": 49,
    "OA": 0.4627083568499078,
    "mIoU": 0.21816488309329324,
    "Kappa": 0.325228590576942
}{
    "epoch": 50,
    "OA": 0.4606991007261918,
    "mIoU": 0.2183484255630473,
    "Kappa": 0.320393167578425
}{
    "epoch": 51,
    "OA": 0.44956917635549537,
    "mIoU": 0.20393059607057074,
    "Kappa": 0.30555394649143297
}{
    "epoch": 52,
    "OA": 0.43254693908266545,
    "mIoU": 0.1844024128458102,
    "Kappa": 0.2833385705833673
}{
    "epoch": 53,
    "OA": 0.4457914738307559,
    "mIoU": 0.1959428195423501,
    "Kappa": 0.29711396648570226
}{
    "epoch": 54,
    "OA": 0.45375324528727845,
    "mIoU": 0.20796432122215083,
    "Kappa": 0.3070851559326018
}{
    "epoch": 55,
    "OA": 0.46581630733340856,
    "mIoU": 0.21944757689116795,
    "Kappa": 0.32876101964650367
}{
    "epoch": 56,
    "OA": 0.4580802949919103,
    "mIoU": 0.20804288799785847,
    "Kappa": 0.31881313059133093
}{
    "epoch": 57,
    "OA": 0.45862211686796855,
    "mIoU": 0.2123029457444599,
    "Kappa": 0.31736401395529246
}{
    "epoch": 58,
    "OA": 0.4628663882304248,
    "mIoU": 0.2198963937925813,
    "Kappa": 0.32828153508325103
}{
    "epoch": 59,
    "OA": 0.45169131203672347,
    "mIoU": 0.20485227965657804,
    "Kappa": 0.3037890418184988
}{
    "epoch": 60,
    "OA": 0.4773601234149829,
    "mIoU": 0.2451508601756747,
    "Kappa": 0.34385120417680837
}